Country,Code,Area,Total,Indicator Name,Indicator Code,1990,1991,1992,1993,1994,1995,1996,1997,1998,1999,2000,2001,2002,2003,2004,2005,2006,2007,2008,2009,2010,2011,2012,2013,2014,2015,2016
Afghanistan,AFG,652,40,Forest area (% of land area),AG.LND.FRST.ZS,2.067824648,2.067824648,2.067824648,2.067824648,2.067824648,2.067824648,2.067824648,2.067824648,2.067824648,2.067824648,2.067824648,2.067824648,2.067824648,2.067824648,2.067824648,2.067824648,2.067824648,2.067824648,2.067824648,2.067824648,2.067824648,2.067824648,2.067824648,2.067824648,2.067824648,2.067824648,2.067824648
Albania,ALB,28,137,Forest area (% of land area),AG.LND.FRST.ZS,28.78832072,28.71715239,28.64598629,28.57481796,28.50364964,28.43248131,28.36131298,28.29014688,28.21897855,28.14781022,28.07664189,28.17226215,28.26788241,28.36350267,28.45912516,28.55474542,28.51021871,28.46569423,28.42116753,28.37664305,28.33211634,28.29708127,28.26204397,28.22700668,28.1919716,28.15693431,28.12189701
Algeria,DZA,2381,145,Forest area (% of land area),AG.LND.FRST.ZS,0.69990847,0.696213672,0.692518925,0.688824127,0.68512938,0.681434581,0.677739783,0.674045036,0.670350238,0.666655491,0.662960693,0.659349897,0.655739102,0.652128255,0.64851746,0.644906665,0.676984064,0.709061463,0.741138811,0.77321621,0.805293609,0.808484543,0.811675477,0.814866463,0.818057397,0.821248331,0.824439265
American Samoa,ASM,0.2,95,Forest area (% of land area),AG.LND.FRST.ZS,91.94999695,91.75000191,91.59999847,91.45000458,91.25,91.09999657,90.95000267,90.74999809,90.6000042,90.39999962,90.24999619,90.10000229,89.89999771,89.75000381,89.54999924,89.3999958,89.25000191,89.04999733,88.90000343,88.75,88.54999542,88.40000153,88.19999695,88.05000305,87.89999962,87.70000458,87.5
Andorra,AND,0.47,15,Forest area (% of land area),AG.LND.FRST.ZS,34.04255319,34.04255319,34.04255319,34.04255319,34.04255319,34.04255319,34.04255319,34.04255319,34.04255319,34.04255319,34.04255319,34.04255319,34.04255319,34.04255319,34.04255319,34.04255319,34.04255319,34.04255319,34.04255319,34.04255319,34.04255319,34.04255319,34.04255319,34.04255319,34.04255319,34.04255319,34.04255319
Angola,AGO,1246,158,Forest area (% of land area),AG.LND.FRST.ZS,48.90992219,48.80981729,48.70971239,48.60961062,48.50950572,48.40940082,48.30929592,48.20919101,48.10908925,48.00898434,47.90887944,47.80877454,47.70866964,47.60856787,47.50846297,47.40835807,47.30825316,47.20814826,47.10804649,47.00794159,46.90783669,46.80773179,46.70762688,46.60752512,46.50742021,46.40731531,46.30721041
Antigua and Barbuda,ATG,0.442,59,Forest area (% of land area),AG.LND.FRST.ZS,23.40909134,23.34091013,23.27272675,23.20454554,23.13636433,23.06818095,22.99999974,22.93181853,22.86363732,22.79545394,22.72727273,22.63636372,22.54545472,22.45454571,22.36363671,22.27272771,22.27272771,22.27272771,22.27272771,22.27272771,22.27272771,22.27272771,22.27272771,22.27272771,22.27272771,22.27272771,22.27272771
Argentina,ARG,2780,279,Forest area (% of land area),AG.LND.FRST.ZS,12.7135335,12.60635995,12.4991864,12.39201428,12.28484073,12.17766718,12.07049363,11.9633208,11.85614725,11.74897441,11.64180086,11.51946301,11.39712587,11.27478801,11.15245087,11.03011302,10.91391425,10.79771549,10.68151672,10.56531796,10.44911919,10.34066672,10.23221497,10.1237625,10.01531075,9.906858285,9.798405818
Armenia,ARM,29,119,Forest area (% of land area),AG.LND.FRST.ZS,11.76677204,11.75272216,11.75272238,11.74569701,11.73867272,11.73164735,11.72462198,11.71759769,11.71057232,11.70354802,11.69652266,11.68949729,11.68247299,11.67544763,11.66842333,11.66139796,11.6543726,11.6473483,11.64032293,11.63329864,11.62627327,11.63329864,11.64032293,11.6473483,11.6543726,11.66139796,11.66842333
Aruba,ABW,0.18,38,Forest area (% of land area),AG.LND.FRST.ZS,2.33333326,2.33333326,2.33333326,2.33333326,2.33333326,2.33333326,2.33333326,2.33333326,2.33333326,2.33333326,2.33333326,2.33333326,2.33333326,2.33333326,2.33333326,2.33333326,2.33333326,2.33333326,2.33333326,2.33333326,2.33333326,2.33333326,2.33333326,2.33333326,2.33333326,2.33333326,2.33333326
Australia,AUS,7692,1016,Forest area (% of land area),AG.LND.FRST.ZS,16.73209846,16.73600354,16.73990862,16.7438137,16.74771878,16.75162386,16.75552894,16.75943402,16.7633391,16.76724418,16.77114927,16.73990862,16.70866798,16.67742733,16.64618669,16.61494604,16.499616,16.38428596,16.26895591,16.15362587,16.03829582,16.07838798,16.11848014,16.1585723,16.19866446,16.23875662,16.25827806
Austria,AUT,83,170,Forest area (% of land area),AG.LND.FRST.ZS,45.72535723,45.80043535,45.87551347,45.95059455,46.02567267,46.10075079,46.17582891,46.25090703,46.3259881,46.40106622,46.47614434,46.50763015,46.539113,46.5705988,46.60208165,46.63356745,46.65536509,46.67829433,46.70008953,46.7218877,46.74764969,46.77511454,46.80088082,46.83573548,46.86208745,46.88390014,46.90571284
Azerbaijan,AZE,86,101,Forest area (% of land area),AG.LND.FRST.ZS,10.23829266,10.2839564,10.28395602,10.30798957,10.33202312,10.35605667,10.38009022,10.40412377,10.44384498,10.51689726,10.55384042,10.56704232,10.57832485,10.58703912,10.59754178,10.61214629,10.93239059,11.25077117,11.56837308,11.88642243,12.19875188,12.5156675,12.83287783,13.14992813,13.46648537,13.78367651,14.09967334
Bahamas,BHS,13,95,Forest area (% of land area),AG.LND.FRST.ZS,51.44855145,51.44855145,51.44855145,51.44855145,51.44855145,51.44855145,51.44855145,51.44855145,51.44855145,51.44855145,51.44855145,51.44855145,51.44855145,51.44855145,51.44855145,51.44855145,51.44855145,51.44855145,51.44855145,51.44855145,51.44855145,51.44855145,51.44855145,51.44855145,51.44855145,51.44855145,51.44855145
Bahrain,BHR,0.765,46,Forest area (% of land area),AG.LND.FRST.ZS,0.318840578,0.333333339,0.352112676,0.36619717,0.394366199,0.408450692,0.436619722,0.450704215,0.478873244,0.507042274,0.521126767,0.549295754,0.56338029,0.583333315,0.589041106,0.608108092,0.621621633,0.639999986,0.644736855,0.671052619,0.695538048,0.704041777,0.72727273,0.740259731,0.765239929,0.771208227,0.784061684
Bangladesh,BGD,147,158,Forest area (% of land area),AG.LND.FRST.ZS,11.47729892,11.45732522,11.43735153,11.4173769,11.39740321,11.37742952,11.35745582,11.33748213,11.3175075,11.29753381,11.27756011,11.25758642,11.23761273,11.2176381,11.1976644,11.17769071,11.15771702,11.13774333,11.1177687,11.097795,11.07782131,11.05784762,11.03787393,11.01789929,10.9979256,10.97795191,10.95797822
Barbados,BRB,0.43,58,Forest area (% of land area),AG.LND.FRST.ZS,14.65116323,14.65116323,14.65116323,14.65116323,14.65116323,14.65116323,14.65116323,14.65116323,14.65116323,14.65116323,14.65116323,14.65116323,14.65116323,14.65116323,14.65116323,14.65116323,14.65116323,14.65116323,14.65116323,14.65116323,14.65116323,14.65116323,14.65116323,14.65116323,14.65116323,14.65116323,14.65116323
Belarus,BLR,207,28,Forest area (% of land area),AG.LND.FRST.ZS,38.35535397,38.84145139,38.84145187,39.08449962,39.32754977,39.57059752,39.81364526,40.05669541,40.29974316,40.54279331,40.78584106,40.94655694,41.10930432,41.27002813,41.43484242,41.59148055,41.67372898,41.77033117,41.86692856,41.98008279,42.06012814,42.15613026,42.25420041,42.35269119,42.43716789,42.53416463,42.6301065
Belgium,BEL,30,55,Forest area (% of land area),AG.LND.FRST.ZS,,,,,,,,,,,22.03764821,22.08322301,22.12879781,22.1743726,22.2199474,22.2655222,22.31175613,22.35799207,22.40422802,22.45046195,22.49669789,22.51122902,22.52576014,22.54029127,22.55482239,22.56935351,22.58388464
Belize,BLZ,22,131,Forest area (% of land area),AG.LND.FRST.ZS,70.84743662,70.16001647,69.4730405,68.78605917,68.09907785,67.41166305,66.72468173,66.03770041,65.35072444,64.66330428,63.97632831,63.60149057,63.226214,62.85138162,62.47610504,62.10127266,61.88075406,61.66023545,61.44015568,61.21964244,60.99912383,60.77904406,60.5589643,60.33932336,60.11924359,59.89916917,59.6790894
Benin,BEN,112,101,Forest area (% of land area),AG.LND.FRST.ZS,51.09081234,50.47002483,49.84923732,49.2284498,48.60766229,47.98687478,47.36608726,46.74529975,46.12451224,45.50372473,44.88293721,44.43951756,43.99609791,43.55267825,43.1092586,42.66583895,42.2224193,41.77899965,41.33557999,40.89216034,40.44874069,40.00532104,39.56190138,39.11848173,38.67506208,38.23164243,37.78822277
Bhutan,BTN,38,99,Forest area (% of land area),AG.LND.FRST.ZS,53.65045193,53.86297964,54.07551257,54.28804028,63.98065155,64.23015345,64.47964922,64.72914499,64.97838926,65.22789116,65.47738693,65.7268827,65.97638461,66.22588038,69.41049937,69.67101126,69.93152956,70.19177885,70.45229074,70.71280903,70.97332093,71.23383282,71.49434471,71.754863,72.0153749,72.27562418,72.48453671
Bolivia,BOL,1098,244,Forest area (% of land area),AG.LND.FRST.ZS,57.96639897,57.71679273,57.46718288,57.21757665,56.9679668,56.71836056,56.46875433,56.21914448,55.96953825,55.7199284,55.47032216,55.21979282,54.96925987,54.71873053,54.46819758,54.21766824,53.75150005,53.28533186,52.81916367,52.35299548,51.88682729,51.62004985,51.35327241,51.08649497,50.81971753,50.55294009,50.28616265
Bosnia and Herzegovina,BIH,51,98,Forest area (% of land area),AG.LND.FRST.ZS,43.1640625,43.06640625,43.06640625,43.01757813,42.96875,42.91992188,42.87109375,42.82226563,42.7734375,42.72460938,42.67578125,42.67578125,42.67578125,42.67578125,42.67578125,42.67578125,42.67578125,42.67578125,42.67578125,42.67578125,42.67578125,42.67578125,42.67578125,42.67578125,42.67578125,42.67578125,42.67578125
Botswana,BWA,582,33,Forest area (% of land area),AG.LND.FRST.ZS,24.20552997,23.99678894,23.78804791,23.57930515,23.37056412,23.16182309,22.95308206,22.74434103,22.53559827,22.32685724,22.11811621,21.90919769,21.7002809,21.49136239,21.28244559,21.07352708,20.86460856,20.65569177,20.44677325,20.23785646,20.02893794,19.84860481,19.66827168,19.48794027,19.30760714,19.12727401,18.94694088
Brazil,BRA,8515,1057,Forest area (% of land area),AG.LND.FRST.ZS,65.40988785,65.10561859,64.80135682,64.49708757,64.1928258,63.88855654,63.58428729,63.28002552,62.97575627,62.67149076,62.36722524,62.01930094,61.67137665,61.32345235,60.97552805,60.62760375,60.42957075,60.23153402,60.03350102,59.83546429,59.63743129,59.51970175,59.40197221,59.28424267,59.16651312,59.04878358,58.93105404
Brunei Darussalam,BRN,5.765,236,Forest area (% of land area),AG.LND.FRST.ZS,78.36812144,78.06451497,77.7609085,77.45730782,77.15370135,76.85009488,76.54648841,76.24288193,75.93928125,75.63567478,75.33206831,75.02846184,74.72485537,74.42125469,74.11764822,73.81404175,73.47248808,73.13092863,72.78937497,72.44781552,72.10626186,72.10626186,72.10626186,72.10626186,72.10626186,72.10626186,72.10626186
Bulgaria,BGR,110,124,Forest area (% of land area),AG.LND.FRST.ZS,30.07321703,30.11660534,30.15999365,30.20337976,30.24676807,30.29015638,30.33354469,30.376933,30.4203191,30.46370741,30.50709572,31.00605578,32.03492557,32.55125584,33.06178787,33.60640648,33.76783532,33.93241785,34.09078444,34.26492307,34.42336035,34.58179763,34.74023491,34.89867444,35.05711172,35.21554901,35.37398629
Burkina Faso,BFA,272,162,Forest area (% of land area),AG.LND.FRST.ZS,25.0255848,24.8066524,24.58772001,24.36878584,24.14985344,23.93092105,23.71198866,23.49305627,23.27412209,23.0551897,22.83625731,22.61769077,22.39912245,22.18055591,21.96198759,21.74342105,21.52412281,21.30482456,21.08552632,20.86622807,20.64692982,20.42836329,20.20979496,19.99122843,19.7726601,19.55409357,19.33552703
Burundi,BDI,27,33,Forest area (% of land area),AG.LND.FRST.ZS,11.25389408,10.89953247,10.54517086,10.19081044,9.836448836,9.482087227,9.127725619,8.773364605,8.419002996,8.064641982,7.710280374,7.577881858,7.445482747,7.313084231,7.180685121,7.048286604,7.60903403,8.16978205,8.730529476,9.291277496,9.852024922,10.03115289,10.21028085,10.38940762,10.56853559,10.74766355,10.92679151
Cabo Verde,CPV,4033,117,Forest area (% of land area),AG.LND.FRST.ZS,14.33002481,14.93300256,15.53846127,16.14143996,16.74689773,17.34987548,17.95285322,18.55831288,19.16129063,19.76675029,20.36972614,20.44416858,20.51861103,20.59305158,20.66749402,20.74193458,20.81637702,20.89081946,20.96526002,21.03970246,21.11414301,21.35235808,21.59305128,21.83126634,22.06947951,22.30769269,22.54590586
Cambodia,KHM,181,272,Forest area (% of land area),AG.LND.FRST.ZS,73.32880127,72.53682413,71.74484699,70.95286432,70.16088718,69.36891004,68.5769329,67.78495576,66.99297309,66.20099595,65.40901881,64.4856107,63.56220258,62.63879447,61.71538636,60.79197825,60.07024478,59.34851686,58.62678339,57.90505546,57.183322,56.46158854,55.73986061,55.01812715,54.29639922,53.57466576,52.8529323
Cameroon,CMR,475,852,Forest area (% of land area),AG.LND.FRST.ZS,51.43957183,50.97417021,50.50876859,50.04336697,49.57796535,49.11256373,48.64716211,48.18176049,47.71635887,47.25095725,46.78555563,46.32015401,45.85475239,45.38935076,44.92394914,44.45854752,43.9931459,43.52774428,43.06234266,42.59694104,42.13153942,41.6661378,41.20073618,40.73533456,40.26993294,39.80453132,39.3391297
Canada,CAN,9984,168,Forest area (% of land area),AG.LND.FRST.ZS,38.29907264,38.2938938,38.28871497,38.28353271,38.27835388,38.27317504,38.26799621,38.26281738,38.25763512,38.25245628,38.24727745,38.24230825,38.23733561,38.23236641,38.22739377,38.22242456,38.21639691,38.2103727,38.20434505,38.19832084,38.19229318,38.18716934,38.18204549,38.17691821,38.17179436,38.16667052,38.16154667
Cayman Islands,CYM,0.27,79,Forest area (% of land area),AG.LND.FRST.ZS,52.91666587,52.91666587,52.91666587,52.91666587,52.91666587,52.91666587,52.91666587,52.91666587,52.91666587,52.91666587,52.91666587,52.91666587,52.91666587,52.91666587,52.91666587,52.91666587,52.91666587,52.91666587,52.91666587,52.91666587,52.91666587,52.91666587,52.91666587,52.91666587,52.91666587,52.91666587,52.91666587
Central African Republic,CAF,622,66,Forest area (% of land area),AG.LND.FRST.ZS,36.21304055,36.18800024,36.16295994,36.1379165,36.11287619,36.08783589,36.06279558,36.03775528,36.01271183,35.98767153,35.96263122,35.93759092,35.91255061,35.88750717,35.86246687,35.83742656,35.81238626,35.78734595,35.76230251,35.73726221,35.7122219,35.6871816,35.66214129,35.63709785,35.61205754,35.58701724,35.56197693
Chad,TCD,1284,48,Forest area (% of land area),AG.LND.FRST.ZS,5.324809403,5.294711005,5.264612607,5.234513822,5.204415424,5.174317027,5.144218629,5.114120231,5.084021446,5.053923048,5.023824651,4.994440915,4.965057179,4.935673443,4.906289708,4.876905972,4.776365869,4.675825766,4.575286051,4.474745948,4.374205845,4.273665742,4.173125639,4.072585924,3.972045821,3.871505718,3.770965615
Chile,CHL,756,224,Forest area (% of land area),AG.LND.FRST.ZS,20.52769667,20.60449176,20.68128816,20.75808325,20.83487965,20.91167475,20.98846984,21.06526624,21.14206133,21.21885773,21.29565282,21.35160147,21.40755143,21.46350007,21.51945003,21.57539867,21.62623684,21.677075,21.72791448,21.77875265,21.82959081,22.2341474,22.63870136,23.04325795,23.44781191,23.8523685,24.25692509
China,CHN,9706,1124,Forest area (% of land area),AG.LND.FRST.ZS,16.73800695,16.94954797,17.16108733,17.37262669,17.58416771,17.79572602,18.00728645,18.21882626,18.43036607,18.64190754,18.85346743,19.19525698,19.53703617,19.87881579,20.22059245,20.56237213,20.72356302,20.88475227,21.0459418,21.20712991,21.36831943,21.53258961,21.69685979,21.86112996,22.02539848,22.18966865,22.35394181
Colombia,COL,1141,916,Forest area (% of land area),AG.LND.FRST.ZS,58.05948626,57.82347059,57.58746198,57.35144632,57.1154377,56.87942204,56.64340638,56.40740128,56.1713821,55.935377,55.69936134,55.4114642,55.12357763,54.83568401,54.54779743,54.25990029,53.97760112,53.69530546,53.41301332,53.13071767,52.84841849,52.82433669,52.80026194,52.77618015,52.7521054,52.72802008,52.70393829
Comoros,COM,1.8,123,Forest area (% of land area),AG.LND.FRST.ZS,26.32992928,26.11499026,25.9000533,25.68511428,25.47017731,25.25523829,25.04029927,24.8253623,24.61042329,24.39548632,24.1805473,23.85814082,23.53573229,23.21332582,22.89091729,22.56851081,22.24610434,21.92369581,21.60128933,21.2788808,20.95647433,20.74153531,20.52659834,20.31165932,20.09672235,19.88178334,19.66684432
"Congo, Dem. Rep.",COD,342,427,Forest area (% of land area),AG.LND.FRST.ZS,70.73641958,70.5990577,70.46170271,70.32434083,70.18698584,70.04962396,69.91226208,69.77490709,69.63754521,69.50019023,69.36282835,69.22546647,69.08811148,68.9507496,68.81339461,68.67603273,68.53867085,68.40131586,68.26395398,68.12659899,67.98923711,67.85187523,67.71452025,67.57715837,67.43980338,67.3024415,67.16507962
"Congo, Rep.",COG,341,140,Forest area (% of land area),AG.LND.FRST.ZS,66.54758419,66.49780381,66.44802343,66.39824305,66.34846266,66.29868228,66.2489019,66.19912152,66.14934114,66.09956076,66.04978038,66,65.95021962,65.90043924,65.85065886,65.80087848,65.76573939,65.73060029,65.6954612,65.66032211,65.62518302,65.5800867,65.53499039,65.4898998,65.44480349,65.39970717,65.35461086
Costa Rica,CRI,51,351,Forest area (% of land area),AG.LND.FRST.ZS,50.21543282,49.84723759,49.47904235,49.11085189,48.74265666,48.37446142,48.00626618,47.63807094,47.26988049,46.90168525,46.53349001,46.98394046,47.43439091,47.88484136,48.33529181,48.78574226,49.23227671,49.67881116,50.12534082,50.57187527,51.01840971,51.60986978,52.20132985,52.79279471,53.38425478,53.97571485,54.56717492
Cote d'Ivoire,CIV,322,270,Forest area (% of land area),AG.LND.FRST.ZS,32.14465409,32.17798619,32.21132137,32.24465347,32.27798865,32.31132075,32.34465286,32.37798804,32.41132014,32.44465532,32.47798742,32.52641632,32.57484215,32.62327105,32.67169688,32.72012579,32.7188667,32.71761068,32.71635159,32.71509557,32.71383648,32.71257739,32.71132137,32.71006228,32.70880626,32.70754717,32.70628808
Croatia,HRV,56,197,Forest area (% of land area),AG.LND.FRST.ZS,33.08889286,33.08889286,33.21409408,33.27669469,33.3392953,33.4018959,33.42265095,33.48517328,33.58969773,33.65229834,33.71489894,33.7792877,33.84367647,33.90806741,33.94210194,34.00643317,34.06719129,34.12794941,34.18870535,34.24946347,34.31022159,34.31736999,34.32451839,34.3316646,34.338813,34.3459614,34.3531098
Cuba,CUB,109,354,Forest area (% of land area),AG.LND.FRST.ZS,19.16201117,19.51303493,19.86405868,20.21508471,20.56610846,20.91713222,21.26815597,21.61917972,21.97020575,22.3212295,22.67225326,23.16014807,23.87254487,24.3627815,24.85292827,25.33821871,25.78220427,26.22134536,26.66290868,27.104472,27.54603533,27.93857698,28.55075989,29.67568652,30.24802829,30.76331475,31.27860121
Curacao,CUW,0.44,52,Forest area (% of land area),AG.LND.FRST.ZS,,,,,,,,,,,,,,,,,,,,,,,,,,,
Cyprus,CYP,9,83,Forest area (% of land area),AG.LND.FRST.ZS,17.43614725,17.54978395,17.66342064,17.77705568,17.89069238,18.00432907,18.11796576,18.23160246,18.3452375,18.45887419,18.57251089,18.59956717,18.62662344,18.65259806,18.67965434,18.70671062,18.70671062,18.70671062,18.70671062,18.70562731,18.70562731,18.70238069,18.69913407,18.6969691,18.69372248,18.69047586,18.68722924
Czech Republic,CZE,78,94,Forest area (% of land area),AG.LND.FRST.ZS,34.02355377,34.02355377,34.02355377,34.05461243,34.06496637,34.07532031,34.08567424,34.09602818,34.10637896,34.1167329,34.12708684,34.1529701,34.17885337,34.20473664,34.23505048,34.2609371,34.29126214,34.3171521,34.34304207,34.36893204,34.39927499,34.42516831,34.45552247,34.48588449,34.51178451,34.54215775,34.56358456
Denmark,DNK,43,67,Forest area (% of land area),AG.LND.FRST.ZS,12.81434329,12.91413052,13.00164914,13.10134373,13.20103689,13.30073004,13.40042463,13.50011778,13.59981094,13.69950553,13.79919868,13.66815938,13.53712008,13.40608078,13.27504147,13.14400217,13.28258348,13.42116479,13.5597461,13.69832597,13.83690727,13.95522025,14.22100535,14.34055664,14.46010938,14.57966211,14.6992134
Djibouti,DJI,23,109,Forest area (% of land area),AG.LND.FRST.ZS,0.241587571,0.241587571,0.241587571,0.241587571,0.241587571,0.241587571,0.241587571,0.241587571,0.241587571,0.241587571,0.241587571,0.241587571,0.241587571,0.241587571,0.241587571,0.241587571,0.241587571,0.241587571,0.241587571,0.241587571,0.241587571,0.241587571,0.241587571,0.241587571,0.241587571,0.241587571,0.241587571
Dominica,DMA,0.75,70,Forest area (% of land area),AG.LND.FRST.ZS,66.66666667,66.30666606,65.96000163,65.60000102,65.24000041,64.8799998,64.53333537,64.17333476,63.81333415,63.46666463,63.10666911,62.7466685,62.38666789,62.03999837,61.67999776,61.32000224,60.96000163,60.61333211,60.2533315,59.90666707,59.54666646,59.18666585,58.84000142,58.48000081,58.1333313,57.77333577,57.41333516
Dominican Republic,DOM,48,200,Forest area (% of land area),AG.LND.FRST.ZS,22.87311116,23.66176724,24.45042333,25.23908195,26.02773803,26.81639412,27.60505021,28.3937063,29.18236491,29.971021,30.75967709,31.44690439,32.13413423,32.82136153,33.50859136,34.19581867,34.87890706,35.56199545,36.24508383,36.92817222,37.61126061,38.29848791,38.98571775,39.67294505,40.36017489,41.04740219,41.7346295
Ecuador,ECU,276,2393,Forest area (% of land area),AG.LND.FRST.ZS,52.84947843,52.52366129,52.19787589,51.87209049,51.54627334,51.22048795,50.89470607,50.56892068,56.00458932,55.64144931,55.27830537,54.96126465,54.64422785,54.32722645,54.01018572,53.69318825,53.37614753,53.0591068,52.74210933,52.42506861,52.1080672,51.79103041,51.47398968,51.15698828,50.83995149,50.52295008,50.20595261
Egypt,EGY,1002,169,Forest area (% of land area),AG.LND.FRST.ZS,0.044201115,0.045707971,0.047214827,0.048721684,0.05022854,0.051735396,0.053242252,0.054749108,0.056255965,0.057762821,0.059269677,0.060876989,0.062484304,0.064091616,0.065698932,0.067306243,0.067908984,0.068511725,0.069114474,0.069717215,0.070319956,0.070922697,0.071525438,0.072128186,0.072730927,0.073333668,0.073936409
El Salvador,SLV,21,93,Forest area (% of land area),AG.LND.FRST.ZS,18.19498069,17.97779923,17.76061776,17.54343629,17.32625483,17.10907336,16.89189189,16.67471042,16.45752896,16.24034749,16.02316602,15.80115801,15.57914999,15.35714345,15.13513543,14.91312741,14.7007725,14.48841758,14.27606119,14.06370627,13.85135135,13.63899643,13.42664152,13.21428513,13.00193021,12.78957529,12.57722037
Equatorial Guinea,GNQ,28,190,Forest area (% of land area),AG.LND.FRST.ZS,66.31016043,65.89304987,65.47593496,65.0588244,64.64170949,64.22459893,63.80748837,63.39037346,62.9732629,62.55614799,62.13903743,61.72549107,61.3119447,60.89839398,60.48484761,60.07130125,59.65062215,59.22994739,58.80926829,58.38859354,57.96791444,57.55436807,57.14082171,56.72727099,56.31372462,55.90017825,55.48663189
Eritrea,ERI,117,138,Forest area (% of land area),AG.LND.FRST.ZS,16.04950495,16.42534653,16.04950495,15.91584158,15.87128713,15.82673267,15.78217822,15.73762376,15.69306931,15.64851485,15.6039604,15.5603958,15.5168312,15.47326781,15.42970321,15.38613861,15.34257402,15.29900942,15.25544603,15.21188143,15.16831683,15.12475223,15.08118764,15.03762425,14.99405965,14.95049505,14.90693045
Estonia,EST,45,39,Forest area (% of land area),AG.LND.FRST.ZS,52.04057561,52.04057561,52.21514278,52.30243212,52.38971571,52.47699929,52.56428288,52.65156646,52.73885581,52.82613939,52.91342298,52.95588697,52.99835097,53.04080921,53.08327321,53.1257372,53.04080921,52.95588697,52.87095898,52.78603675,52.70110875,52.69167487,52.68223522,51.36416031,51.3549552,51.34575569,51.33655619
Eswatini,SWZ,17,41,Forest area (% of land area),AG.LND.FRST.ZS,27.44186047,27.70930268,27.9767449,28.24418534,28.51162755,28.77906977,29.04651198,29.3139542,29.58139464,29.84883863,30.11627907,30.38371951,30.6511635,30.91860394,31.18604793,31.45348837,31.70930375,31.96511557,32.22093094,32.47674277,32.73255814,32.99999858,33.26744257,33.53488301,33.802327,34.06976744,34.33720788
Ethiopia,ETH,1104,178,Forest area (% of land area),AG.LND.FRST.ZS,,,,14.6912998,14.55040039,14.4095,14.26859961,14.1277002,13.9867998,13.84590039,13.705,13.564,13.423,13.282,13.141,13,12.8592002,12.71840039,12.57759961,12.4367998,12.296,12.33659961,12.3772002,12.4177998,12.45840039,12.499,12.53959961
Faroe Islands,FRO,1.4,27,Forest area (% of land area),AG.LND.FRST.ZS,0.057306586,0.057306586,0.057306586,0.057306586,0.057306586,0.057306586,0.057306586,0.057306586,0.057306586,0.057306586,0.057306586,0.057306586,0.057306586,0.057306586,0.057306586,0.057306586,0.057306586,0.057306586,0.057306586,0.057306586,0.057306586,0.057306586,0.057306586,0.057306586,0.057306586,0.057306586,0.057306586
Fiji,FJI,18,300,Forest area (% of land area),AG.LND.FRST.ZS,52.15654211,52.30706209,52.45812661,52.60864659,52.75971445,52.91023442,53.0607544,53.21182226,53.36234224,53.5134101,53.66393007,53.84783732,54.03229244,54.21620303,54.40065815,54.58456539,54.53694661,54.48877995,54.44116117,54.39354239,54.34592361,54.61193266,54.87794171,55.14395076,55.40996316,55.67597221,55.94198126
Finland,FIN,338,50,Forest area (% of land area),AG.LND.FRST.ZS,71.81785351,72.00499031,72.19212712,72.37926393,72.56640074,72.75353754,72.94067435,73.12781116,73.31494796,73.50208477,73.68922158,73.49092094,73.29262031,73.09432608,72.89602545,72.69772481,72.86179343,72.91591305,73.01085884,73.06021718,73.10957552,73.11198131,73.11198131,73.11198131,73.11198131,73.10716989,73.10716989
France,FRA,551,342,Forest area (% of land area),AG.LND.FRST.ZS,26.36394442,26.51972436,26.67550431,26.83128604,26.98706599,27.14284593,27.29862588,27.45440583,27.61018756,27.7659675,27.92169765,28.13062257,28.33954571,28.53283811,28.75739377,28.9668477,29.17248768,29.37812945,29.58376943,29.78941119,29.99505117,30.20142238,30.4077936,30.61416481,30.82053602,31.02690723,31.23327844
French Polynesia,PYF,4.1,29,Forest area (% of land area),AG.LND.FRST.ZS,15.0273224,16.39344262,17.75956284,19.12568306,20.49180328,21.8579235,23.22404372,24.59016393,25.95628415,27.32240437,28.68852459,30.05464481,31.42076503,32.78688525,34.15300546,35.51912568,36.8852459,38.25136612,39.61748634,40.98360656,42.34972678,42.34972678,42.34972678,42.34972678,42.34972678,42.34972678,42.34972678
Gabon,GAB,267,291,Forest area (% of land area),AG.LND.FRST.ZS,85.38052548,85.38052548,85.38052548,85.38052548,85.38052548,85.38052548,85.38052548,85.38052548,85.38052548,85.38052548,85.38052548,85.38052548,85.38052548,85.38052548,85.38052548,85.38052548,85.38052548,85.38052548,85.38052548,85.38052548,85.38052548,86.15671207,86.93289867,87.70908526,88.48527186,89.26145845,90.03764505
Gambia,GMB,10,76,Forest area (% of land area),AG.LND.FRST.ZS,43.67588933,43.86363576,44.05138219,44.23913164,44.42687807,44.61462451,44.80237094,44.99011737,45.17786682,45.36561325,45.55335968,45.75098814,45.9486166,46.14624506,46.34387352,46.54150198,46.71936638,46.8972338,47.07509821,47.25296563,47.43083004,47.58893341,47.74703678,47.90513713,48.0632405,48.22134387,48.37944724
Georgia,GEO,69,125,Forest area (% of land area),AG.LND.FRST.ZS,39.60282055,39.60282055,39.63102548,39.64297077,39.65491606,39.66685784,39.67880313,39.69074842,39.70269019,39.71463548,39.72658077,39.76082862,39.79507997,39.82932782,39.86357918,39.89782703,40.04144453,40.18506204,40.32867954,40.47229705,40.61591455,40.61591455,40.61591455,40.61591455,40.61591455,40.61591455,40.61591455
Germany,DEU,357,185,Forest area (% of land area),AG.LND.FRST.ZS,32.36616733,32.38163547,32.39710081,32.41349735,32.42989204,32.44629046,32.46268982,32.48187883,32.50014382,32.51934096,32.53761284,32.55947263,32.58040475,32.60227631,32.62321874,32.64135795,32.65944024,32.67846388,32.69655509,32.71277359,32.73087185,32.73754877,32.74516555,32.71898647,32.72284322,32.73242345,32.69120678
Ghana,GHA,238,246,Forest area (% of land area),AG.LND.FRST.ZS,37.91421289,38.038148,38.16208311,38.28601393,38.40994904,38.53388415,38.65781926,38.78175438,38.9056852,39.02962031,39.15355542,39.28012571,39.40669601,39.53327059,39.65984089,39.78641118,39.91122612,40.03603676,40.1608517,40.28566234,40.41047728,40.53529222,40.66010286,40.7849178,40.90972844,41.03454338,41.15935831
Greece,GRC,131,512,Forest area (% of land area),AG.LND.FRST.ZS,25.59348332,25.82777309,26.06206286,26.29635452,26.53064429,26.76493406,26.99922383,27.23351359,27.46780526,27.70209503,27.93638479,28.17067456,28.40496433,28.63925599,28.87354576,29.10783553,29.3421253,29.57641507,29.81070673,30.0449965,30.27928627,30.51357604,30.74786581,30.98215747,31.21644724,31.45073701,31.68502677
Greenland,GRL,2166,25,Forest area (% of land area),AG.LND.FRST.ZS,0.00064384,0.00064384,0.00064384,0.00064384,0.00064384,0.00064384,0.00064384,0.000535997,0.000535997,0.000535997,0.000535997,0.000535997,0.000535997,0.000535997,0.000535997,0.000535997,0.000535997,0.000535997,0.000535997,0.000535997,0.000535997,0.000535997,0.000535997,0.000535997,0.000535997,0.000535997,0.000535997
Grenada,GRD,0.344,56,Forest area (% of land area),AG.LND.FRST.ZS,49.97058756,49.97058756,49.97058756,49.97058756,49.97058756,49.97058756,49.97058756,49.97058756,49.97058756,49.97058756,49.97058756,49.97058756,49.97058756,49.97058756,49.97058756,49.97058756,49.97058756,49.97058756,49.97058756,49.97058756,49.97058756,49.97058756,49.97058756,49.97058756,49.97058756,49.97058756,49.97058756
Guam,GUM,0.549,103,Forest area (% of land area),AG.LND.FRST.ZS,46.2962963,46.2962963,46.2962963,46.2962963,46.2962963,46.2962963,46.2962963,46.2962963,46.2962963,46.2962963,46.2962963,46.2962963,46.2962963,46.2962963,46.2962963,46.2962963,46.2962963,46.2962963,46.2962963,46.2962963,46.2962963,46.2962963,46.2962963,46.2962963,46.2962963,46.2962963,46.2962963
Guatemala,GTM,109,321,Forest area (% of land area),AG.LND.FRST.ZS,44.30757745,43.80365808,43.29973871,42.79581934,42.29189996,41.78798059,41.28406122,40.78014184,40.27622247,39.7723031,39.26838373,38.76446435,38.26054498,37.75662561,37.25270623,36.74878686,36.34565182,35.94251678,35.53937945,35.13624441,34.73310937,34.3934313,34.05375094,33.71407287,33.37439252,33.03471445,32.69503637
Guinea,GIN,245,327,Forest area (% of land area),AG.LND.FRST.ZS,29.56210321,29.41559499,29.26908677,29.12257854,28.97607032,28.8295621,28.68305388,28.53654566,28.39003744,28.24352922,28.097021,27.95051278,27.80400456,27.65749634,27.51098812,27.3644799,27.21797168,27.07146345,26.92495523,26.77844701,26.63193879,26.48543057,26.33892235,26.19241413,26.04590591,25.89939769,25.75288947
Guinea-Bissau,GNB,36,87,Forest area (% of land area),AG.LND.FRST.ZS,78.80512091,78.46372341,78.1223346,77.7809371,77.43954828,77.09815078,76.75675328,76.41536447,76.07396697,75.73257815,75.39118065,75.04978316,74.70839434,74.36699684,74.02560802,73.68421053,73.32859175,72.97297297,72.6173542,72.26173542,71.90611664,71.55049787,71.19487909,70.83926031,70.48364154,70.12802276,69.77240398
Guyana,GUY,214,117,Forest area (% of land area),AG.LND.FRST.ZS,84.63296927,84.61366126,84.59436317,84.57505517,84.55575708,84.53644907,84.51714107,84.49784298,84.47853497,84.45923689,84.43992888,84.41960884,84.3992888,84.37896876,84.35864872,84.33832868,84.31191659,84.28549459,84.2590825,84.2326605,84.20624841,84.15544831,84.10464821,84.05384811,84.00304801,83.9522479,83.9014478
Haiti,HTI,27,263,Forest area (% of land area),AG.LND.FRST.ZS,4.208998549,4.18359953,4.158200235,4.132801216,4.107401921,4.082002903,4.056603884,4.031204589,4.005805571,3.980406275,3.955007257,3.92597957,3.89695216,3.867924473,3.838897063,3.809869376,3.780841689,3.751814279,3.722786592,3.693759182,3.664731495,3.635703808,3.606676398,3.577648711,3.548621301,3.519593614,3.490565927
Honduras,HND,112,318,Forest area (% of land area),AG.LND.FRST.ZS,72.71427295,71.15560012,69.5969273,68.03825011,66.47957728,64.92090446,63.36223164,61.80355881,60.24488162,58.6862088,57.12753597,56.05505407,54.98257217,53.91009027,52.83760837,51.76512646,50.69264456,49.62016266,48.54768076,47.47519886,46.40271695,45.33023505,44.25775315,43.18527125,42.11278935,41.04030744,39.96782554
Hungary,HUN,93,119,Forest area (% of land area),AG.LND.FRST.ZS,20.04005786,20.16913292,20.29820798,20.42955763,20.55864706,20.68773648,20.8168259,20.95991037,21.0890874,21.21826308,21.39031466,21.53760267,21.68489204,21.83218004,21.97946941,22.12922665,22.26983568,22.41044472,22.55105511,22.4610629,22.60024301,22.65105598,22.70186625,22.75267921,22.80348948,22.85430244,22.90511541
Iceland,ISL,103,31,Forest area (% of land area),AG.LND.FRST.ZS,0.160598508,0.173266841,0.185935156,0.19860349,0.211271823,0.223940157,0.236608472,0.249276806,0.261945139,0.274613473,0.287281788,0.302643393,0.318004979,0.333366565,0.34872817,0.364089776,0.37645887,0.388827926,0.40119702,0.413566076,0.42593517,0.438902743,0.451870317,0.46483789,0.477805502,0.490773075,0.503740648
India,IND,3287,1081,Forest area (% of land area),AG.LND.FRST.ZS,21.50518467,21.55398799,21.60279001,21.65159333,21.70039535,21.74919867,21.798002,21.84680401,21.89560734,21.94440935,21.99321268,22.14920569,22.30520134,22.46119435,22.61719,22.77318301,22.91316839,23.05315114,23.19313652,23.33311927,23.47310465,23.53310701,23.59310938,23.65311437,23.71311674,23.77311911,23.83312147
Indonesia,IDN,1904,1472,Forest area (% of land area),AG.LND.FRST.ZS,65.43771425,64.38139207,63.3250699,62.26875204,61.21242986,60.15610769,59.09978551,58.04346334,56.98714547,55.9308233,54.87450112,54.7031589,54.53181667,54.36047013,54.1891279,54.01778568,53.63966063,53.26153557,52.88341052,52.50528547,52.12716042,51.74936743,51.37157445,50.99377715,50.61598417,50.23819118,49.8603982
Iran,IRN,1648,152,Forest area (% of land area),AG.LND.FRST.ZS,5.572373812,5.58769833,5.603023447,5.618347964,5.633672481,5.648996999,5.664321516,5.679646033,5.694970551,5.710295068,5.725619586,5.893391244,6.061169497,6.228941155,6.396718809,6.564491066,6.564491066,6.564491066,6.564491066,6.564491066,6.564491066,6.564491066,6.564491066,6.564491066,6.564491066,6.564491066,6.564491066
Iraq,IRQ,338,78,Forest area (% of land area),AG.LND.FRST.ZS,1.838260512,1.841461519,1.844662386,1.847863393,1.85106426,1.854265267,1.857466274,1.860667142,1.863868149,1.867069016,1.870270023,1.87347103,1.876671897,1.879872904,1.883073772,1.886274779,1.886274779,1.886274779,1.886274779,1.89952109,1.89952109,1.89952109,1.89952109,1.90036115,1.90036115,1.90036115,1.90036115
Ireland,IRL,70,71,Forest area (% of land area),AG.LND.FRST.ZS,6.749891131,6.996661344,7.243286257,7.49005647,7.736681383,7.983451596,8.230076509,8.476846722,8.723472521,8.970242734,9.216867647,9.390767785,9.564523507,9.738423645,9.912323782,10.08622481,10.17564233,10.26491544,10.35447826,10.44389578,10.53316889,10.61561907,10.69806924,10.78037412,10.86282518,10.94527536,11.02772554
Isle of Man,IMN,0.572,3,Forest area (% of land area),AG.LND.FRST.ZS,6.070175506,6.070175506,6.070175506,6.070175506,6.070175506,6.070175506,6.070175506,6.070175506,6.070175506,6.070175506,6.070175506,6.070175506,6.070175506,6.070175506,6.070175506,6.070175506,6.070175506,6.070175506,6.070175506,6.070175506,6.070175506,6.070175506,6.070175506,6.070175506,6.070175506,6.070175506,6.070175506
Israel,ISR,20,205,Forest area (% of land area),AG.LND.FRST.ZS,6.099815157,6.196857953,6.293900044,6.39094284,6.487984931,6.585027726,6.682070522,6.779112613,6.876155409,6.9731975,7.070240296,7.088724302,7.107209013,7.12569302,7.144177731,7.162661738,7.153419734,7.144177731,7.134935023,7.12569302,7.116451017,7.218114462,7.319777906,7.421442057,7.523105501,7.624768946,7.726432391
Italy,ITA,301,458,Forest area (% of land area),AG.LND.FRST.ZS,25.80667097,26.07153753,26.33640408,26.6012723,26.86613885,27.13100541,27.39587196,27.66073852,27.92560673,28.19047162,28.45533984,28.72054673,28.98575363,29.24797715,29.513157,29.77833685,29.96124228,30.14414772,30.32705647,30.50996191,30.69286734,30.87577278,31.05867821,31.24158697,31.4244924,31.60739784,31.79030327
Jamaica,JAM,11,321,Forest area (% of land area),AG.LND.FRST.ZS,31.8190218,31.78485789,31.75069117,31.71652726,31.68236335,31.64819945,31.61403554,31.57987163,31.54570772,31.511541,31.47737709,31.44598315,31.41458922,31.38319528,31.35180134,31.32040741,31.281625,31.2428426,31.20406301,31.16528061,31.12650103,31.09141286,31.05632468,31.02123651,30.98614834,30.95106299,30.91597482
Japan,JPN,378,459,Forest area (% of land area),AG.LND.FRST.ZS,68.43115743,68.41086015,68.39056286,68.37027093,68.34997364,68.32967636,68.32811964,68.30781679,68.28751929,68.26721644,68.24691358,68.27928884,68.31165874,68.34403399,68.37640389,68.40877915,68.42578661,68.44279943,68.45980688,68.4768197,68.48443286,68.47910573,68.47377875,68.46938561,68.46499783,68.46061005,68.45622227
Jordan,JOR,90,124,Forest area (% of land area),AG.LND.FRST.ZS,1.10494107,1.10494107,1.10494107,1.10494107,1.10494107,1.10494107,1.10494107,1.10494107,1.10494107,1.10494107,1.10494107,1.10494107,1.10494107,1.10494107,1.10494107,1.10494107,1.10494107,1.10494107,1.10494107,1.09822032,1.09822032,1.09822032,1.09822032,1.09822032,1.09822032,1.09822032,1.09822032
Kazakhstan,KAZ,2725,81,Forest area (% of land area),AG.LND.FRST.ZS,1.267548246,1.267548246,1.263325591,1.261214173,1.259102845,1.256991518,1.25488019,1.252768862,1.250657444,1.248546117,1.246434789,1.244360448,1.242286198,1.240211857,1.238137607,1.236063266,1.233988926,1.231914675,1.229840335,1.227766084,1.225691744,1.225691744,1.225691744,1.225691744,1.225691744,1.225691744,1.225691744
Kenya,KEN,580,516,Forest area (% of land area),AG.LND.FRST.ZS,8.300242471,8.095195918,7.890150223,7.685103669,7.480057974,7.275011421,7.069965296,6.864919172,6.659872619,6.454826495,6.24978037,6.42196999,6.594159609,6.766349229,6.938538848,7.110728468,7.175036191,7.239343914,7.30365078,7.367958503,7.432266226,7.49657395,7.560881673,7.625188538,7.689496262,7.753803985,7.818111708
Kiribati,KIR,0.811,105,Forest area (% of land area),AG.LND.FRST.ZS,14.99999953,14.99999953,14.99999953,14.99999953,14.99999953,14.99999953,14.99999953,14.99999953,14.99999953,14.99999953,14.99999953,14.99999953,14.99999953,14.99999953,14.99999953,14.99999953,14.99999953,14.99999953,14.99999953,14.99999953,14.99999953,14.99999953,14.99999953,14.99999953,14.99999953,14.99999953,14.99999953
"Korea, Dem. People’s Rep.",PRK,120,83,Forest area (% of land area),AG.LND.FRST.ZS,68.10896105,67.05589399,66.00282287,64.94975581,63.8966847,62.84361764,61.79055058,60.73747946,59.6844124,58.63134129,57.57827423,56.52520717,55.47213605,54.41906899,53.36599788,52.31293082,51.26152232,50.21011382,49.15870937,48.10730087,47.05589237,46.00116269,44.94643302,43.89170335,42.83697367,41.782244,40.72751433
"Korea, Rep.",KOR,100,125,Forest area (% of land area),AG.LND.FRST.ZS,66.03773585,65.95272449,65.8677182,65.78270685,65.69770055,65.6126892,65.52767784,65.44267155,65.35766019,65.2726539,65.18764255,64.93074119,64.82900924,64.75413425,64.67258932,64.58440888,64.49628305,64.40156629,64.28704191,64.1726777,64.01234568,63.94073364,63.78378178,63.62983643,63.54921582,63.46143979,63.35483649
Kyrgyz Republic,KGZ,200,43,Forest area (% of land area),AG.LND.FRST.ZS,4.358706986,4.358706986,4.383628933,4.395046771,4.406464928,4.417883084,4.429301241,4.440719398,4.452137554,4.463555711,4.474973868,4.486444213,4.497914558,4.509384903,4.52085493,4.532325275,4.331804102,4.131282611,3.93076112,3.730239948,3.529718457,3.488008342,3.446298227,3.404588113,3.362877998,3.321167883,3.279457769
Latvia,LVA,64,35,Forest area (% of land area),AG.LND.FRST.ZS,51.01614252,51.01614252,51.23480686,51.34413551,51.45346808,51.56280066,51.67213323,51.7814658,51.89079445,52.00012702,52.1094596,52.2895347,52.4696098,52.64968883,52.82976393,53.00983903,53.19312899,53.37642287,53.55971283,53.75683657,53.88817481,53.92925888,53.95304035,53.95079516,53.96590701,53.97233837,53.97876974
Lebanon,LBN,10,104,Forest area (% of land area),AG.LND.FRST.ZS,12.8054741,12.8054741,12.8054741,12.8054741,12.8054741,12.8054741,12.8054741,12.8054741,12.8054741,12.8054741,12.8054741,12.91300157,13.02052756,13.12805504,13.23558103,13.3431085,13.35092882,13.35874914,13.36656945,13.37438977,13.38220859,13.39002891,13.39784922,13.40566954,13.41348986,13.42131017,13.42913049
Lesotho,LSO,30,20,Forest area (% of land area),AG.LND.FRST.ZS,1.317523057,1.324110697,1.330698337,1.337285852,1.343873493,1.350461133,1.357048773,1.363636414,1.370223929,1.376811569,1.383399209,1.38998685,1.39657449,1.403162005,1.409749645,1.416337286,1.422924926,1.429512567,1.436100081,1.442687722,1.449275362,1.482213439,1.515151515,1.548089592,1.581027668,1.613965744,1.646903821
Liberia,LBR,111,207,Forest area (% of land area),AG.LND.FRST.ZS,51.17317276,50.86171096,50.55024917,50.23878738,49.92732558,49.61586379,49.30440199,48.9929402,48.68147841,48.37001661,48.05855482,47.74709302,47.43563123,47.12416944,46.81270764,46.50124585,46.18978405,45.87832226,45.56686047,45.25539867,44.94393688,44.63247508,44.32101329,44.0095515,43.6980897,43.38662791,43.07516611
Libya,LBY,1760,69,Forest area (% of land area),AG.LND.FRST.ZS,0.123327688,0.123327688,0.123327688,0.123327688,0.123327688,0.123327688,0.123327688,0.123327688,0.123327688,0.123327688,0.123327688,0.123327688,0.123327688,0.123327688,0.123327688,0.123327688,0.123327688,0.123327688,0.123327688,0.123327688,0.123327688,0.123327688,0.123327688,0.123327688,0.123327688,0.123327688,0.123327688
Liechtenstein,LIE,0.16,12,Forest area (% of land area),AG.LND.FRST.ZS,40.625,40.87499976,41.12499952,41.37499928,41.62499905,41.87499881,42.12499857,42.37500131,42.62500107,42.87500083,43.1250006,43.1250006,43.1250006,43.1250006,43.1250006,43.1250006,43.1250006,43.1250006,43.1250006,43.1250006,43.1250006,43.1250006,43.1250006,43.1250006,43.1250006,43.1250006,43.1250006
Lithuania,LTU,65,35,Forest area (% of land area),AG.LND.FRST.ZS,31.03063178,31.03063178,31.26994257,31.38959796,31.50925335,31.62890874,31.74856414,31.86821953,31.98787492,32.10753031,32.22718571,32.54945678,32.87172786,33.19400283,33.51627391,33.83854499,33.99489548,34.15124597,34.31032951,34.46669248,34.62305544,34.65551957,34.68743073,34.7187874,34.76456504,34.79648843,34.83285866
Luxembourg,LUX,2.6,16,Forest area (% of land area),AG.LND.FRST.ZS,,,,,,,,,,,35.67901109,35.67901109,35.67901109,35.67901109,35.67901109,35.67901109,35.67901109,35.67901109,35.67901109,35.67901109,35.67901109,35.67901109,35.67901109,35.67901109,35.67901109,35.67901109,35.67901109
Madagascar,MDG,587,2373,Forest area (% of land area),AG.LND.FRST.ZS,23.54438216,23.42934211,23.31430374,23.19926369,23.08422532,22.96918527,22.85414522,22.73910685,22.6240668,22.50902843,22.39398838,22.33036421,22.26674004,22.20311586,22.13949169,22.07586752,21.97785191,21.8798363,21.78182068,21.68380507,21.58578946,21.54882734,21.52132624,21.49364043,21.46613957,21.43863871,21.41113785
Malawi,MWI,119,125,Forest area (% of land area),AG.LND.FRST.ZS,41.32371659,40.97475708,40.62579498,40.27683548,39.92787338,39.57891387,39.22995437,38.88099227,38.53203276,38.18307067,37.83411116,37.48408994,37.13406873,36.78404752,36.4340263,36.08400509,35.73398388,35.38396266,35.03394145,34.68392024,34.33389902,34.14297836,33.9520577,33.76113704,33.57021638,33.37929571,33.18837505
Malaysia,MYS,330,1438,Forest area (% of land area),AG.LND.FRST.ZS,68.10531122,67.86638259,67.62745396,67.38852534,67.14959671,66.91066809,66.67173946,66.43281084,66.19388221,65.95495358,65.71602496,65.28930385,64.86257681,64.4358557,64.00912865,63.58240755,64.33358935,65.08476521,65.83594701,66.58712287,67.33830467,67.3815225,67.42474628,67.46796411,67.51118789,67.55440572,67.59762355
Maldives,MDV,0.3,79,Forest area (% of land area),AG.LND.FRST.ZS,3.333333333,3.333333333,3.333333333,3.333333333,3.333333333,3.333333333,3.333333333,3.333333333,3.333333333,3.333333333,3.333333333,3.333333333,3.333333333,3.333333333,3.333333333,3.333333333,3.333333333,3.333333333,3.333333333,3.333333333,3.333333333,3.333333333,3.333333333,3.333333333,3.333333333,3.333333333,3.333333333
Mali,MLI,1240,61,Forest area (% of land area),AG.LND.FRST.ZS,5.482752686,5.418008671,5.353264656,5.28852064,5.223776625,5.15903261,5.094288594,5.029544579,4.964800564,4.900056549,4.835312533,4.770568518,4.705824503,4.641080487,4.576336472,4.511592457,4.446848442,4.382104426,4.317360411,4.252616396,4.187872381,4.123128365,4.05838435,3.993640335,3.928896319,3.864152304,3.799408289
Malta,MLT,0.316,40,Forest area (% of land area),AG.LND.FRST.ZS,1.093749981,1.093749981,1.093749981,1.093749981,1.093749981,1.093749981,1.093749981,1.093749981,1.093749981,1.093749981,1.093749981,1.093749981,1.093749981,1.093749981,1.093749981,1.093749981,1.093749981,1.093749981,1.093749981,1.093749981,1.093749981,1.093749981,1.093749981,1.093749981,1.093749981,1.093749981,1.093749981
Marshall Islands,MHL,0.181,101,Forest area (% of land area),AG.LND.FRST.ZS,,70.22222413,70.22222413,70.22222413,70.22222413,70.22222413,70.22222413,70.22222413,70.22222413,70.22222413,70.22222413,70.22222413,70.22222413,70.22222413,70.22222413,70.22222413,70.22222413,70.22222413,70.22222413,70.22222413,70.22222413,70.22222413,70.22222413,70.22222413,70.22222413,70.22222413,70.22222413
Mauritius,MUS,1.12,266,Forest area (% of land area),AG.LND.FRST.ZS,20.24630467,20.28571444,20.32512233,20.36453209,20.40393998,20.44334975,20.48275952,20.52216741,20.56157718,20.60098507,20.64039484,20.27586199,19.91132915,19.54679818,19.18226533,18.81773437,18.83743925,18.85714226,18.87684714,18.89655202,18.91625691,18.93595991,18.9556648,18.97536968,18.99507457,19.01477757,19.03448246
Mexico,MEX,1030,1378,Forest area (% of land area),AG.LND.FRST.ZS,35.88569665,35.78775255,35.68980844,35.59186032,35.49391622,35.39597212,35.29802802,35.20008391,35.10213579,35.00419169,34.90624759,34.82671799,34.74718839,34.66766281,34.58813321,34.50860362,34.44841688,34.38823015,34.32804342,34.26785668,34.20766995,34.16054859,34.11342724,34.0663099,34.01918854,33.97206718,33.92494583
"Micronesia, Fed. Sts.",FSM,0.702,168,Forest area (% of land area),AG.LND.FRST.ZS,,90.87142944,90.91428484,90.95714024,90.98571232,91.02857317,91.07142857,91.10000065,91.14285605,91.1857169,91.2285723,91.25714438,91.29999978,91.34285518,91.38571603,91.41428811,91.45713806,91.50000436,91.52857099,91.57142639,91.61428179,91.65714809,91.68571472,91.72857012,91.77142552,91.81428092,91.85714722
Moldova,MDA,338,33,Forest area (% of land area),AG.LND.FRST.ZS,9.704898083,9.704898083,9.735320961,9.726858877,9.744990893,9.76313392,9.778317643,9.796476306,9.814646004,9.832826748,9.854014599,10.0912405,10.32846734,10.56890763,10.80292008,11.0367893,11.17664962,11.31650995,11.45636935,11.59622967,11.75038052,11.89041114,12.02678065,12.15936703,12.30301168,12.43917275,12.57525102
Mongolia,MNG,1564,42,Forest area (% of land area),AG.LND.FRST.ZS,8.069208785,8.016490904,7.963773652,7.911055772,7.85833852,7.805620639,7.752902758,7.700185506,7.647467626,7.594750374,7.542032493,7.489379358,7.436726223,7.384072459,7.331419324,7.278766189,7.501635105,7.724504022,7.94737231,8.170241227,8.393110144,8.330492496,8.267874848,8.205257828,8.14264018,8.080022532,8.017404884
Montenegro,MNE,13,104,Forest area (% of land area),AG.LND.FRST.ZS,46.54275093,46.54275093,46.54275093,46.54275093,46.54275093,46.54275093,46.54275093,46.54275093,46.54275093,46.54275093,46.54275093,46.54275093,46.54275093,46.54275093,46.54275093,46.54275093,49.53159942,52.52044791,55.50929187,58.49814036,61.48698885,61.48698885,61.48698885,61.48698885,61.48698885,61.48698885,61.48698885
Morocco,MAR,446,227,Forest area (% of land area),AG.LND.FRST.ZS,11.10015685,11.10889514,11.11763344,11.12637283,11.13511113,11.14384943,11.15258773,11.16132602,11.17006542,11.17880371,11.18754201,11.37037889,11.55321576,11.73605155,11.91888842,12.1017253,12.22316871,12.34461103,12.46605444,12.58749676,12.70894017,12.69101501,12.67308985,12.65516469,12.63723952,12.61931436,12.6013892
Mozambique,MOZ,802,377,Forest area (% of land area),AG.LND.FRST.ZS,55.16162669,54.88313538,54.60464407,54.32615275,54.04766144,53.76917012,53.49067881,53.21218749,52.93369618,52.65520486,52.37671355,52.09466062,51.81260769,51.53055973,51.2485068,50.96645388,50.68491259,50.40336634,50.12182505,49.84027879,49.55873751,49.29627097,49.03379946,48.77133292,48.50886141,48.24639487,47.98392833
Myanmar,MMR,676,337,Forest area (% of land area),AG.LND.FRST.ZS,60.00856872,59.34296294,58.67735716,58.01175138,57.34614561,56.68053983,56.01493405,55.34932827,54.6837225,54.01811672,53.35251094,52.87909166,52.4056664,51.93224712,51.46827223,50.999449,50.51708332,50.03947971,49.58166754,49.10852535,48.63760218,47.79898607,46.97266971,46.14105589,45.30440435,44.4677528,43.63110126
Namibia,NAM,825,115,Forest area (% of land area),AG.LND.FRST.ZS,10.6426654,10.55399677,10.46532813,10.3766595,10.28799087,10.19932223,10.1106536,10.02198496,9.933316328,9.844647694,9.75597906,9.665852621,9.575726776,9.485600338,9.395474493,9.305348055,9.215221617,9.125095771,9.034969333,8.944843488,8.85471705,8.764590612,8.674464767,8.584338328,8.494212483,8.404086045,8.313959607
Nepal,NPL,147,107,Forest area (% of land area),AG.LND.FRST.ZS,33.68531469,33.04405458,32.40279789,31.76153778,31.12028109,30.47902098,29.83776087,29.19650418,28.55524407,27.91398567,27.20613882,26.83780922,26.46947961,26.10115171,25.73282211,25.3644925,25.3644925,25.3644925,25.3644925,25.3644925,25.3644925,25.3644925,25.3644925,25.3644925,25.3644925,25.3644925,25.3644925
Netherlands,NLD,41,59,Forest area (% of land area),AG.LND.FRST.ZS,10.21919431,10.26362559,10.30805687,10.35248815,10.39691943,10.44135071,10.48578199,10.53021327,10.57464455,10.61907583,10.66350711,10.69312796,10.72274882,10.75236967,10.78199052,10.81161137,10.85900492,10.90639847,10.95379111,11.01096928,11.05840498,11.07947824,11.09727201,11.12496253,11.14277215,11.16058178,11.1783914
New Caledonia,NCL,18,593,Forest area (% of land area),AG.LND.FRST.ZS,45.89715536,45.89715536,45.89715536,45.89715536,45.89715536,45.89715536,45.89715536,45.89715536,45.89715536,45.89715536,45.89715536,45.89715536,45.89715536,45.89715536,45.89715536,45.89715536,45.89715536,45.89715536,45.89715536,45.89715536,45.89715536,45.89715536,45.89715536,45.89715536,45.89715536,45.89715536,45.89715536
New Zealand,NZL,270,247,Forest area (% of land area),AG.LND.FRST.ZS,36.67919942,36.86187235,37.04454899,37.22722192,37.40989856,37.59257149,37.77524442,37.95792106,38.14059399,38.32327063,38.50594356,38.53936351,38.57278345,38.6062071,38.63962704,38.67304698,38.64873954,38.62443582,38.60012838,38.57582466,38.55151722,38.55227753,38.55303783,38.55379442,38.55455473,38.55531503,38.55607533
Nicaragua,NIC,130,153,Forest area (% of land area),AG.LND.FRST.ZS,37.51038724,36.92870201,36.34701679,35.76533156,35.18364634,34.60196111,34.02027588,33.43859066,32.85690543,32.27522021,31.69353498,31.11184976,30.53016453,29.94847931,29.36679408,28.78510886,28.20342363,27.62173841,27.04005318,26.45836796,25.87668273,25.87668273,25.87668273,25.87668273,25.87668273,25.87668273,25.87668273
Niger,NER,1267,37,Forest area (% of land area),AG.LND.FRST.ZS,1.535485908,1.486776702,1.4380674,1.389358194,1.340648892,1.291939686,1.24323048,1.194521178,1.145811972,1.097102669,1.048393463,1.038604228,1.028814993,1.019025854,1.009236618,0.999447383,0.989658148,0.979868912,0.970079773,0.960290538,0.950501303,0.940712067,0.930922832,0.921133693,0.911344458,0.901555222,0.891765987
Nigeria,NGA,923,372,Forest area (% of land area),AG.LND.FRST.ZS,18.92245023,18.47261195,18.02277151,17.57293322,17.12309386,16.6732545,16.22341514,15.77357578,15.32373749,14.87389813,14.42405876,13.97432984,13.52459985,13.07487093,12.62514094,12.17541201,11.72568309,11.2759531,10.82622418,10.37649419,9.926765265,9.477036344,9.02730635,8.577577429,8.127847972,7.678118515,7.228389058
Northern Mariana Islands,MNP,0.464,102,Forest area (% of land area),AG.LND.FRST.ZS,,72.69564919,72.34782343,71.99999768,71.63043644,71.28261069,70.91304116,70.5652154,70.19565416,69.84782841,69.47825888,69.13043312,68.78260737,68.41304199,68.06521623,67.69565085,67.34782509,66.97825971,66.63043395,66.26086857,65.91304281,65.54347743,65.19565168,64.84782592,64.47826054,64.13043478,63.78260903
Norway,NOR,323,104,Forest area (% of land area),AG.LND.FRST.ZS,33.21615282,33.21094974,33.20574935,33.20054627,33.19534588,33.1901428,33.18493973,33.17973934,33.17453626,33.16933587,33.16413279,33.1526331,33.1411334,33.12963638,33.11813668,33.10663698,33.11211277,33.11758856,33.12306436,33.12854015,33.13401594,33.13949173,33.14496752,33.16142708,33.16690469,33.1723823,33.1778599
Oman,OMN,309,108,Forest area (% of land area),AG.LND.FRST.ZS,0.006462036,0.006462036,0.006462036,0.006462036,0.006462036,0.006462036,0.006462036,0.006462036,0.006462036,0.006462036,0.006462036,0.006462036,0.006462036,0.006462036,0.006462036,0.006462036,0.006462036,0.006462036,0.006462036,0.006462036,0.006462036,0.006462036,0.006462036,0.006462036,0.006462036,0.006462036,0.006462036
Pakistan,PAK,881,148,Forest area (% of land area),AG.LND.FRST.ZS,3.278071814,3.224755996,3.171440495,3.118124677,3.064809176,3.011493358,2.95817754,2.904862039,2.851546221,2.79823072,2.744914902,2.689393876,2.633873008,2.578351982,2.522831114,2.467310087,2.41152968,2.355749274,2.299968867,2.24418846,2.188408053,2.132627646,2.07684724,2.021066833,1.965286426,1.909506019,1.853725612
Palau,PLW,0.459,186,Forest area (% of land area),AG.LND.FRST.ZS,,83.26086791,83.56521441,83.8695692,84.19565118,84.49999768,84.80434418,85.13043445,85.43478095,85.73912745,86.06521772,86.36956422,86.67391072,87.000001,87.30434749,87.60869399,87.60869399,87.60869399,87.60869399,87.60869399,87.60869399,87.60869399,87.60869399,87.60869399,87.60869399,87.60869399,87.60869399
Panama,PAN,75,394,Forest area (% of land area),AG.LND.FRST.ZS,67.79661017,67.56389824,67.33117975,67.09846782,66.86574932,66.6330374,66.40032547,66.16760697,65.93489505,65.70217655,65.46946462,65.24078558,65.01210654,64.7834275,64.55474845,64.32606941,64.10276974,63.87947007,63.65617696,63.43287729,63.20957762,62.98897091,62.76836421,62.54775094,62.32714423,62.10653753,61.88593083
Papua New Guinea,PNG,462,530,Forest area (% of land area),AG.LND.FRST.ZS,74.25473656,74.24877618,74.2428158,74.23684679,74.23088641,74.22492603,74.21896564,74.21300526,74.20703625,74.20107587,74.19511549,74.18893084,74.18274619,74.17657016,74.17038551,74.16420086,74.15845612,74.15272,74.14697527,74.14123915,74.13549441,74.12930976,74.12312511,74.11694908,74.11076443,74.10457978,74.09839513
Paraguay,PRY,406,64,Forest area (% of land area),AG.LND.FRST.ZS,53.25195067,52.80166023,52.35136979,51.90108427,51.45079383,51.0005034,50.55021296,50.09992252,49.649637,49.19934657,48.74905613,48.29952276,47.84998938,47.40045109,46.95091772,46.50138434,45.73370249,44.96602064,44.19833879,43.43065693,42.66297508,41.84394566,41.02491869,40.20588926,39.3868623,38.56783287,37.74880345
Peru,PER,1285,744,Forest area (% of land area),AG.LND.FRST.ZS,60.87578125,60.73718872,60.59859619,60.45999756,60.32140503,60.1828125,60.04421997,59.90562744,59.76702881,59.62843628,59.48984375,59.39312744,59.29640503,59.19968872,59.10296631,59.00625,58.89421997,58.78218994,58.67015381,58.55812378,58.44609375,58.31515503,58.18421631,58.05328369,57.92234497,57.79140625,57.66046753
Philippines,PHL,342,783,Forest area (% of land area),AG.LND.FRST.ZS,21.98410303,22.14240264,22.30070061,22.45900023,22.6172982,22.77559781,22.93389743,23.0921954,23.25049501,23.40879299,23.5670926,23.59861791,23.63014322,23.66167017,23.69319548,23.7247208,23.56776401,23.41080559,23.2538488,23.09689038,22.93993359,23.74484355,24.5497535,25.35466345,26.1595734,26.96448335,27.7693933
Poland,POL,312,83,Forest area (% of land area),AG.LND.FRST.ZS,28.99539652,29.05351074,29.11162496,29.16974237,29.22785659,29.28597081,29.34408503,29.40219925,29.46031666,29.51843088,29.5765451,29.66861535,29.76068559,29.85762673,29.94091276,30.03297098,30.11817643,30.20240144,30.28860722,30.37482106,30.45905707,30.53325995,30.60348896,30.67371937,30.74496164,30.81420033,30.88343903
Portugal,PRT,92,456,Forest area (% of land area),AG.LND.FRST.ZS,37.55191257,37.45027269,37.34863281,37.2469956,37.14535572,37.04371585,36.94207597,36.84043609,36.73879888,36.637159,36.53551913,36.43278795,36.33005411,36.22732294,36.1245891,36.03367224,35.90904228,35.78440966,35.6597797,35.48858939,35.36412272,35.23965605,35.11518671,34.98491584,34.86031479,34.73586931,34.61142383
Puerto Rico,PRI,9,141,Forest area (% of land area),AG.LND.FRST.ZS,32.35625705,34.19503918,36.03382132,37.87260346,39.7113856,41.55016773,43.38782481,45.22660695,47.06538909,48.90417123,50.74295336,51.03156639,51.31905436,51.60766739,51.89515192,52.18376495,52.55693266,52.93010036,53.30214302,53.67531072,54.04847843,54.42164614,54.79481384,55.16685305,55.5400242,55.91319191,56.28635961
Romania,ROU,238,138,Forest area (% of land area),AG.LND.FRST.ZS,27.77850447,27.7630088,27.76082977,27.75865075,27.75042482,27.75066452,27.74485884,27.7414717,27.73204408,27.72865854,27.7132036,27.73497018,27.7374168,27.74951076,27.76521739,27.78937299,27.8972076,28.01600808,28.1226616,28.21090235,28.31993045,28.60581394,28.92531042,29.22488414,29.51929679,29.82006259,30.12082839
Russia,RUS,17099,267,Forest area (% of land area),AG.LND.FRST.ZS,49.35646539,49.35646539,49.36034735,49.37364901,49.39020901,49.40105111,49.40426418,49.404129,49.39807891,49.37829156,49.40184991,49.39872265,49.39137345,49.38540765,49.37881267,49.37248915,49.46098332,49.53847417,49.61860081,49.69609577,49.77359074,49.77108339,49.76857986,49.76607633,49.76356898,49.76106545,49.75856192
Rwanda,RWA,26,127,Forest area (% of land area),AG.LND.FRST.ZS,12.89014998,12.99554139,13.1009328,13.20632297,13.31171439,13.4171058,13.52249721,13.62788862,13.73327879,13.8386702,13.94406161,14.27644962,14.6088364,14.94122441,15.27361118,15.60599919,16.10052745,16.59505447,17.08958274,17.58410976,18.07863802,18.35427595,18.62991512,18.90555306,19.18119223,19.45683016,19.73246809
Samoa,WSM,0.061,95,Forest area (% of land area),AG.LND.FRST.ZS,45.93639576,47.38516117,48.83392118,50.28268659,51.73144661,53.18021201,54.62897742,56.07773744,57.52650285,58.97526286,60.42402827,60.42402827,60.42402827,60.42402827,60.42402827,60.42402827,60.42402827,60.42402827,60.42402827,60.42402827,60.42402827,60.42402827,60.42402827,60.42402827,60.42402827,60.42402827,60.42402827
Sao Tome and Principe,STP,0.97,104,Forest area (% of land area),AG.LND.FRST.ZS,58.33333333,58.33333333,58.33333333,58.33333333,58.33333333,58.33333333,58.33333333,58.33333333,58.33333333,58.33333333,58.33333333,58.33333333,58.33333333,58.33333333,58.33333333,58.33333333,57.83333381,57.33333429,56.83333476,56.33333524,55.83333174,55.83333174,55.83333174,55.83333174,55.83333174,55.83333174,55.83333174
Saudi Arabia,SAU,2149,141,Forest area (% of land area),AG.LND.FRST.ZS,0.454484135,0.454484135,0.454484135,0.454484135,0.454484135,0.454484135,0.454484135,0.454484135,0.454484135,0.454484135,0.454484135,0.454484135,0.454484135,0.454484135,0.454484135,0.454484135,0.454484135,0.454484135,0.454484135,0.454484135,0.454484135,0.454484135,0.454484135,0.454484135,0.454484135,0.454484135,0.454484135
Senegal,SEN,196,139,Forest area (% of land area),AG.LND.FRST.ZS,48.55347219,48.31974238,48.08601257,47.85228276,47.61855295,47.38482314,47.15109334,46.91736353,46.68363372,46.44990391,46.2161741,45.98244429,45.74871449,45.51498468,45.28125487,45.04752506,44.83976523,44.6320054,44.42424557,44.21648574,44.00872591,43.80096608,43.59320625,43.38544642,43.17768659,42.96992676,42.76216694
Serbia,SRB,89,84,Forest area (% of land area),AG.LND.FRST.ZS,28.31008461,28.31008461,28.31008461,28.31008461,28.31008461,28.31008461,28.31008461,28.31008461,28.31008461,28.31008461,28.31008461,28.31008461,28.31008461,28.31008461,28.31008461,28.31008461,28.85204553,29.39400925,29.93597017,30.47793389,31.01989481,31.03590101,31.05191,31.0679162,31.0839252,31.0999314,31.1159376
Seychelles,SYC,0.5,446,Forest area (% of land area),AG.LND.FRST.ZS,88.4130395,88.4130395,88.4130395,88.4130395,88.4130395,88.4130395,88.4130395,88.4130395,88.4130395,88.4130395,88.4130395,88.4130395,88.4130395,88.4130395,88.4130395,88.4130395,88.4130395,88.4130395,88.4130395,88.4130395,88.4130395,88.4130395,88.4130395,88.4130395,88.4130395,88.4130395,88.4130395
Sierra Leone,SLE,71,229,Forest area (% of land area),AG.LND.FRST.ZS,43.19756165,42.92601693,42.6544756,42.38293088,42.11138955,41.83984483,41.56830012,41.29675878,41.02521406,40.75367273,40.48212801,40.2105833,39.93904196,39.66749725,39.39595591,39.12441119,38.85286648,38.58132514,38.30978043,38.03823909,37.76669438,38.64782624,39.52895471,40.41008657,41.29121505,42.17234691,43.05347877
Singapore,SGP,0.71,312,Forest area (% of land area),AG.LND.FRST.ZS,24.40298564,24.40298564,24.40298564,24.40298564,24.40298564,24.40298564,24.40298564,24.40298564,24.40298564,24.40298564,24.40298564,24.40298564,24.22222279,23.79912825,23.73004357,23.73004357,23.55907784,23.5251804,23.3571434,23.3571434,23.29059985,23.22443186,23.15864127,23.12588555,23.06064884,23.06064884,23.06064884
Slovak Republic,SVK,50,107,Forest area (% of land area),AG.LND.FRST.ZS,39.95841996,39.95841996,39.95841996,39.95218194,39.95010344,39.94802495,39.94594645,39.94386796,39.94178693,39.93970843,39.93762994,39.98336697,40.02910654,40.06651373,40.12058314,40.16632017,40.1954267,40.22453324,40.25363724,40.29112031,40.31939366,40.3260695,40.33023006,40.33438809,40.34525892,40.34773764,40.35357636
Slovenia,SVN,20,162,Forest area (% of land area),AG.LND.FRST.ZS,58.98709037,58.98709037,59.43396226,59.65739821,59.88083416,60.10427011,60.32770606,60.55114201,60.77457795,60.9980139,61.22144985,61.32075472,61.42005958,61.51936445,61.61866931,61.71797418,61.75769855,61.79741686,61.81811098,61.85904647,61.89752921,61.90806941,61.91892353,61.94637416,61.95630828,61.95823746,61.97001199
Solomon Islands,SLB,29,243,Forest area (% of land area),AG.LND.FRST.ZS,83.02965345,82.8295785,82.62951228,82.42943734,82.22937112,82.02929618,81.82922123,81.62915501,81.42908007,81.22901385,81.02893891,80.83601635,80.64308507,80.45016252,80.25723124,80.06430868,79.86423374,79.66416752,79.46409257,79.26402635,79.06395141,78.86387647,78.66381025,78.4637353,78.26366908,78.06359414,77.8635192
Somalia,SOM,637,187,Forest area (% of land area),AG.LND.FRST.ZS,13.20177256,13.07951,12.95724822,12.83498566,12.71272387,12.59046131,12.46819875,12.34593697,12.22367441,12.10141262,11.97915006,11.85672872,11.7343066,11.61188526,11.48946314,11.3670418,11.24462045,11.12219833,10.99977699,10.87735487,10.75493353,10.63251219,10.51009007,10.38766872,10.2652466,10.14282526,10.02040392
South Africa,ZAF,1221,603,Forest area (% of land area),AG.LND.FRST.ZS,7.617736524,7.617736524,7.617736524,7.617736524,7.617736524,7.617736524,7.617736524,7.617736524,7.617736524,7.617736524,7.617736524,7.617736524,7.617736524,7.617736524,7.617736524,7.617736524,7.617736524,7.617736524,7.617736524,7.617736524,7.617736524,7.617736524,7.617736524,7.617736524,7.617736524,7.617736524,7.617736524
Spain,ESP,505,736,Forest area (% of land area),AG.LND.FRST.ZS,27.64994841,28.28415873,28.91834949,29.5525598,30.18674861,30.82095893,31.45514969,32.08936001,32.72355077,33.35775913,34.02192275,34.17710564,34.26378647,34.3743701,34.49869896,34.62720119,35.02166294,35.39927242,35.80826014,36.20538982,36.49366856,36.5714373,36.61556287,36.68379203,36.75204461,36.8607287,36.93620953
Sri Lanka,LKA,65,602,Forest area (% of land area),AG.LND.FRST.ZS,36.42162335,36.27491706,36.12821077,35.9815006,35.83479431,35.68808802,35.54138174,35.39467545,35.24796527,35.10125899,34.9545527,34.71854491,34.48253711,34.24653321,34.01052542,33.77451762,33.72667836,33.6788391,33.63099984,33.58316058,33.53532132,33.43007339,33.32482935,33.21958143,33.11433739,33.00908946,32.90384153
Sweden,SWE,450,85,Forest area (% of land area),AG.LND.FRST.ZS,68.38962811,68.41399815,68.43836818,68.46273822,68.48710825,68.51147829,68.53584832,68.56021836,68.58458839,68.60895842,68.63332846,68.6601355,68.68694254,68.71374957,68.74055661,68.76736365,68.69669055,68.62601745,68.55534435,68.48467125,68.41399815,68.41399815,68.91785732,68.91785732,68.92293339,68.92293339,68.92293339
Switzerland,CHE,41,112,Forest area (% of land area),AG.LND.FRST.ZS,29.11786355,29.22664569,29.33542473,29.44420687,29.55298591,29.66176804,29.77130222,29.8808407,29.99038595,30.09993551,30.20949371,30.32664425,30.44380259,30.56096807,30.67813827,30.79609254,30.88797203,30.97985426,31.07095907,31.16206079,31.2531625,31.34932732,31.44548904,31.54165385,31.63781558,31.73398039,31.8301452
Syrian Arab Republic,SYR,185,144,Forest area (% of land area),AG.LND.FRST.ZS,2.024159321,2.056807052,2.089454783,2.122102514,2.154750245,2.187397976,2.220045707,2.252693438,2.285341169,2.3179889,2.350636631,2.382196038,2.413755611,2.44784571,2.47970808,2.51130359,2.543157436,2.57569157,2.608364191,2.641036811,2.673855035,2.673855035,2.673855035,2.673855035,2.673855035,2.673855035,2.673855035
Tajikistan,TJK,143,48,Forest area (% of land area),AG.LND.FRST.ZS,2.915118605,2.915118605,2.917976521,2.919405588,2.920834437,2.922263504,2.923692571,2.92512142,2.926550487,2.927979335,2.929408402,2.929408402,2.929408402,2.929408402,2.929408402,2.929408402,2.929408402,2.929408402,2.929408402,2.929408402,2.929408402,2.932266318,2.935124234,2.937982368,2.965717131,2.968513582,2.97139559
Tanzania,TZA,945,1174,Forest area (% of land area),AG.LND.FRST.ZS,63.12937458,62.67780537,62.22623617,61.77466697,61.32309776,60.87152856,60.41995936,59.96839016,59.51682095,59.06525175,58.61368255,58.16211334,57.71054414,57.25897494,56.80740573,56.35583653,55.90426733,55.45269813,55.00112892,54.54955972,54.09799052,53.67803116,53.2580718,52.83811244,52.41815308,51.99819372,51.57823436
Thailand,THA,513,655,Forest area (% of land area),AG.LND.FRST.ZS,27.41294604,28.00133025,28.58971637,29.17810058,29.7664867,30.35487091,30.94325512,31.53164124,32.12002737,32.70841158,33.29679579,32.94016477,32.58352994,32.22689892,31.870266,31.51363307,31.57196227,31.63029147,31.68862258,31.74695178,31.80528098,31.86400204,31.92272309,31.98144415,32.0401652,32.09888626,32.15760731
Timor-Leste,TLS,15,35,Forest area (% of land area),AG.LND.FRST.ZS,64.96301278,64.20981761,63.45662243,62.70343137,61.95023619,61.19704102,60.44384585,59.69065068,58.93745961,58.18426444,57.43106927,56.6778741,55.92467892,55.17148786,54.41829268,53.66509751,52.91190234,52.15870717,51.4055161,50.65232093,49.89912576,49.14593058,48.39273541,47.63954435,46.88634917,46.133154,45.37995883
Togo,TGO,56,90,Forest area (% of land area),AG.LND.FRST.ZS,12.59422688,12.22835035,11.86247494,11.49659842,11.13072301,10.76484648,10.39896995,10.03309454,9.667218014,9.301342046,8.935466078,8.567751425,8.200036771,7.832322118,7.464607465,7.096892811,6.732855529,6.368817685,6.004780403,5.640742559,5.276705277,4.912667994,4.548630151,4.184592868,3.820555305,3.456517742,3.092480179
Trinidad and Tobago,TTO,5,121,Forest area (% of land area),AG.LND.FRST.ZS,46.92007738,46.78167748,46.64327462,46.50487472,46.36647185,46.22806899,46.08966909,45.95126622,45.81286633,45.67446346,45.53606357,45.39571245,45.25536134,45.11501022,44.97465911,44.83430799,44.69395688,44.55360576,44.41325465,44.27290353,44.13255242,44.44834391,44.76218419,45.07797271,45.39181298,45.70760151,46.023393
Tunisia,TUN,163,101,Forest area (% of land area),AG.LND.FRST.ZS,4.138774459,4.263645883,4.388516914,4.513388338,4.638259369,4.763130793,4.888002217,5.012873248,5.137744672,5.262615703,5.387487127,5.487898916,5.588311098,5.688722887,5.78913507,5.889546859,5.986096807,6.082646756,6.179196704,6.275746653,6.372296601,6.437950645,6.503604689,6.569258339,6.634912776,6.700566426,6.766220077
Turkey,TUR,783,426,Forest area (% of land area),AG.LND.FRST.ZS,12.5021114,12.57500307,12.647896,12.72078766,12.79368059,12.86657225,12.93946391,13.01235684,13.0852485,13.15814143,13.23103309,13.35550824,13.47998338,13.60445979,13.72893494,13.85341008,13.99399737,14.13458466,14.27517068,14.41575797,14.55634526,14.68939671,14.8224469,14.95549835,15.08854854,15.22159999,15.35465144
Turkmenistan,TKM,488,49,Forest area (% of land area),AG.LND.FRST.ZS,8.782159045,8.782159045,8.782159045,8.782159045,8.782159045,8.782159045,8.782159045,8.782159045,8.782159045,8.782159045,8.782159045,8.782159045,8.782159045,8.782159045,8.782159045,8.782159045,8.782159045,8.782159045,8.782159045,8.782159045,8.782159045,8.782159045,8.782159045,8.782159045,8.782159045,8.782159045,8.782159045
Turks and Caicos Islands,TCA,1,63,Forest area (% of land area),AG.LND.FRST.ZS,36.21052792,36.21052792,36.21052792,36.21052792,36.21052792,36.21052792,36.21052792,36.21052792,36.21052792,36.21052792,36.21052792,36.21052792,36.21052792,36.21052792,36.21052792,36.21052792,36.21052792,36.21052792,36.21052792,36.21052792,36.21052792,36.21052792,36.21052792,36.21052792,36.21052792,36.21052792,36.21052792
Tuvalu,TUV,0.026,98,Forest area (% of land area),AG.LND.FRST.ZS,33.33333333,33.33333333,33.33333333,33.33333333,33.33333333,33.33333333,33.33333333,33.33333333,33.33333333,33.33333333,33.33333333,33.33333333,33.33333333,33.33333333,33.33333333,33.33333333,33.33333333,33.33333333,33.33333333,33.33333333,33.33333333,33.33333333,33.33333333,33.33333333,33.33333333,33.33333333,33.33333333
Uganda,UGA,241,239,Forest area (% of land area),AG.LND.FRST.ZS,23.77758871,23.33616838,22.8947505,22.45333018,22.01191229,21.57049197,21.12907164,20.68765376,20.24623343,19.80481433,19.36339523,18.92297683,18.48255843,18.04214003,17.60172164,17.16130324,16.48466067,15.80801811,15.13137432,14.45473175,13.72930381,13.0550571,12.38081038,11.70656245,11.03231573,10.35806902,9.683822306
Ukraine,UKR,603,127,Forest area (% of land area),AG.LND.FRST.ZS,16.00759472,16.00759472,16.08906567,16.1298003,16.17053662,16.21127125,16.25200588,16.2927422,16.33347684,16.37421315,16.41494779,16.43738673,16.46010978,16.48254911,16.50498844,16.52628672,16.51753592,16.50907116,16.50003419,16.49071392,16.48139198,16.51902196,16.55665195,16.59428363,16.63277494,16.67040688,16.70803881
United Arab Emirates,ARE,83,64,Forest area (% of land area),AG.LND.FRST.ZS,3.44973247,3.541255984,3.632779499,3.724303013,3.815826528,3.907350042,3.998873557,4.090397071,4.181920586,4.2734441,4.364967615,4.370599745,4.376231875,4.381864435,4.387496566,4.393128696,4.408054035,4.422979374,4.437904712,4.452830051,4.46775539,4.482680729,4.497606497,4.512531836,4.527457175,4.542382513,4.557307852
United Kingdom,GBR,242,164,Forest area (% of land area),AG.LND.FRST.ZS,11.48266027,11.55540899,11.6281567,11.70090542,11.77365313,11.84640185,11.91915057,11.99189828,12.064647,12.13739471,12.21014343,12.26553095,12.32091948,12.37630699,12.43169552,12.48708304,12.51849749,12.54991093,12.58132538,12.61273882,12.64415327,12.71442153,12.78468979,12.85495805,12.92522631,12.99549456,13.06576282
United States,USA,9372,1616,Forest area (% of land area),AG.LND.FRST.ZS,33.02230821,33.03416477,33.04602133,33.0578813,33.06973786,33.08159442,33.09345098,33.10530753,33.11716751,33.12902406,33.13017359,33.15682603,33.18348187,33.21013431,33.23679016,33.2634426,33.34995217,33.43646174,33.57611354,33.66276024,33.74940694,33.77947006,33.80953318,33.8395963,33.86965942,33.89972254,33.92978567
Uruguay,URY,181,110,Forest area (% of land area),AG.LND.FRST.ZS,4.55833612,4.88509879,5.21186146,5.538624129,5.865387148,6.192149469,6.51891179,6.845674808,7.172437129,7.499200147,7.825962468,7.999771427,8.173580385,8.347388647,8.521197605,8.695006564,8.934407217,9.173808568,9.413209919,9.65261127,9.89201262,10.02194057,10.15186853,10.28179648,10.41172443,10.54165238,10.67158034
Uzbekistan,UZB,448,62,Forest area (% of land area),AG.LND.FRST.ZS,7.15796897,7.15796897,7.23648308,7.275740709,7.314997764,7.354254819,7.393511874,7.432768929,7.472026558,7.511283613,7.550540668,7.589562994,7.628584747,7.667607073,7.706628825,7.745651152,7.736483539,7.727315353,7.718147741,7.708979554,7.699811942,7.673671563,7.647531758,7.621391379,7.595251574,7.569111195,7.54297139
Vanuatu,VUT,12,140,Forest area (% of land area),AG.LND.FRST.ZS,36.09515997,36.09515997,36.09515997,36.09515997,36.09515997,36.09515997,36.09515997,36.09515997,36.09515997,36.09515997,36.09515997,36.09515997,36.09515997,36.09515997,36.09515997,36.09515997,36.09515997,36.09515997,36.09515997,36.09515997,36.09515997,36.09515997,36.09515997,36.09515997,36.09515997,36.09515997,36.09515997
Venezuela,VEN,916,347,Forest area (% of land area),AG.LND.FRST.ZS,58.98305085,58.65710561,58.33116037,58.00521512,57.67926988,57.35332464,57.0273794,56.70143416,56.37548892,56.04954368,55.72359844,55.39753805,55.07148209,54.74542171,54.41936575,54.09330537,54.04614074,53.99898054,53.9518159,53.9046557,53.85749107,53.67110885,53.4847222,53.29833998,53.11195333,52.92557111,52.73918889
Vietnam,VNM,331,700,Forest area (% of land area),AG.LND.FRST.ZS,28.7658607,29.4921515,30.21843929,30.94473008,31.67101788,32.39730867,33.12359947,33.84988726,34.57617806,35.30246585,37.70012216,38.56440258,39.50088553,40.4328055,41.30357661,42.17434773,42.8522598,43.53017187,44.20808079,44.88599286,45.56390492,45.97994001,46.3959751,46.81201019,47.22804528,47.64408037,48.06011546
Yemen,YEM,527,309,Forest area (% of land area),AG.LND.FRST.ZS,1.039831809,1.039831809,1.039831809,1.039831809,1.039831809,1.039831809,1.039831809,1.039831809,1.039831809,1.039831809,1.039831809,1.039831809,1.039831809,1.039831809,1.039831809,1.039831809,1.039831809,1.039831809,1.039831809,1.039831809,1.039831809,1.039831809,1.039831809,1.039831809,1.039831809,1.039831809,1.039831809
Zambia,ZMB,752,98,Forest area (% of land area),AG.LND.FRST.ZS,71.0259756,70.80186502,70.5777597,70.35364912,70.1295438,69.90543322,69.68132264,69.45721732,69.23310674,69.00900142,68.78489084,68.56078026,68.33667494,68.11256436,67.88845904,67.66434846,67.44023788,67.21613256,66.99202198,66.76791666,66.54380608,66.3196955,66.09559018,65.8714796,65.64737428,65.4232637,65.19915312
Zimbabwe,ZWE,391,103,Forest area (% of land area),AG.LND.FRST.ZS,57.29352462,56.44823575,55.60294688,54.75765801,53.91236914,53.06708026,52.22179139,51.37650252,50.53121365,49.68592478,48.84063591,47.99534703,47.15005816,46.30476929,45.45948042,44.61419155,43.76890268,42.9236138,42.07832493,41.23303606,40.38774719,39.58019803,38.7726514,37.96510225,37.15755562,36.35000646,35.54245731